configuration,components,ndcg,precision,recall,ndcg_improvement
Baseline (Popularity),None,0.3842748060881811,0.07441860465116279,0.7441860465116279,0.0
Content-Based Only,TF-IDF,0.439667999196335,0.09534883720930232,0.9534883720930233,14.414994746088711
Collaborative Filtering Only,ItemKNN,0.5381972906830553,0.09999999999999998,1.0,40.05531514328655
"Hybrid (w_content=0.6, w_cf=0.4)",TF-IDF + ItemKNN,0.5733481351808675,0.09999999999999998,1.0,49.20263470233824
