model,precision,recall,ndcg
popularity,0.0124,0.01862222222222222,0.06188361417868882
tfidf,0.30279999999999996,0.4927238095238095,0.9855044263933016
